name,busmap
1282,AL1 0AC
1286,AL1 0AC
2194,AL1 0AC
2153,AL1 0AC
2154,AL1 0AC
2155,AL1 0AC
2185,AL1 0AC
2186,AL1 0AC
2190,AL1 0AC
2193,AL1 0AC
2195,AL1 0AC
2197,AL1 0AC
2198,AL1 0AC
2200,AL1 0AC
8311,AL1 0AC
7801,AL1 0AC
8793,AL1 0AC
8430,AL1 0AC
8714,AL1 0AC
3274,AT1 0AC
3387,AT1 0AC
3399,AT1 0AC
3401,AT1 0AC
3405,AT1 0AC
3408,AT1 0AC
3435,AT1 0AC
3456,AT1 0AC
3458,AT1 0AC
3461,AT1 0AC
3463,AT1 0AC
3464,AT1 0AC
3465,AT1 0AC
3466,AT1 0AC
3468,AT1 0AC
3471,AT1 0AC
3474,AT1 0AC
3476,AT1 0AC
3477,AT1 0AC
3478,AT1 0AC
3479,AT1 0AC
3480,AT1 0AC
3483,AT1 0AC
3786,AT1 0AC
3787,AT1 0AC
3791,AT1 0AC
3811,AT1 0AC
3813,AT1 0AC
8243,AT1 0AC
7758,AT1 0AC
8552,AT1 0AC
8148,AT1 0AC
8598,AT1 0AC
8763,AT1 0AC
8577,AT1 0AC
8809,AT1 0AC
8398,AT1 0AC
7757,AT1 0AC
8510,AT1 0AC
2087,BA1 0AC
2089,BA1 0AC
2090,BA1 0AC
2095,BA1 0AC
2096,BA1 0AC
2097,BA1 0AC
2098,BA1 0AC
2099,BA1 0AC
2100,BA1 0AC
2102,BA1 0AC
2104,BA1 0AC
2105,BA1 0AC
2108,BA1 0AC
2110,BA1 0AC
2111,BA1 0AC
2118,BA1 0AC
2122,BA1 0AC
2140,BA1 0AC
2272,BA1 0AC
7201,BA1 0AC
7200,BA1 0AC
8522,BA1 0AC
7421,BE1 0AC
7422,BE1 0AC
4686,BE1 0AC
4781,BE1 0AC
4783,BE1 0AC
4784,BE1 0AC
4785,BE1 0AC
4786,BE1 0AC
4788,BE1 0AC
4790,BE1 0AC
4801,BE1 0AC
4803,BE1 0AC
5065,BE1 0AC
5066,BE1 0AC
5069,BE1 0AC
5070,BE1 0AC
5073,BE1 0AC
5075,BE1 0AC
5081,BE1 0AC
5082,BE1 0AC
5084,BE1 0AC
5085,BE1 0AC
5096,BE1 0AC
5097,BE1 0AC
5098,BE1 0AC
5099,BE1 0AC
5100,BE1 0AC
5102,BE1 0AC
5107,BE1 0AC
5108,BE1 0AC
5153,BE1 0AC
5164,BE1 0AC
5165,BE1 0AC
5166,BE1 0AC
5168,BE1 0AC
5169,BE1 0AC
7467,BE1 0AC
8710,BE1 0AC
7953,BE1 0AC
7323,BE1 0AC
8149,BE1 0AC
7952,BE1 0AC
8295,BE1 0AC
1992,BG1 0AC
1994,BG1 0AC
2006,BG1 0AC
2008,BG1 0AC
2010,BG1 0AC
2012,BG1 0AC
2013,BG1 0AC
2014,BG1 0AC
2015,BG1 0AC
2016,BG1 0AC
2018,BG1 0AC
2020,BG1 0AC
2021,BG1 0AC
2022,BG1 0AC
2027,BG1 0AC
2028,BG1 0AC
2031,BG1 0AC
2033,BG1 0AC
2052,BG1 0AC
2059,BG1 0AC
2061,BG1 0AC
2063,BG1 0AC
2065,BG1 0AC
2069,BG1 0AC
2072,BG1 0AC
2076,BG1 0AC
7098,BG1 0AC
7036,BG1 0AC
8505,BG1 0AC
7911,BG1 0AC
8698,BG1 0AC
7899,BG1 0AC
7097,BG1 0AC
7759,BG1 0AC
3586,CH1 0AC
3589,CH1 0AC
3590,CH1 0AC
3591,CH1 0AC
3594,CH1 0AC
3603,CH1 0AC
3605,CH1 0AC
3606,CH1 0AC
3608,CH1 0AC
3610,CH1 0AC
3612,CH1 0AC
3613,CH1 0AC
3617,CH1 0AC
3619,CH1 0AC
3621,CH1 0AC
3623,CH1 0AC
3624,CH1 0AC
3626,CH1 0AC
3633,CH1 0AC
3634,CH1 0AC
3636,CH1 0AC
3642,CH1 0AC
3643,CH1 0AC
3647,CH1 0AC
3650,CH1 0AC
3682,CH1 0AC
3697,CH1 0AC
3698,CH1 0AC
3699,CH1 0AC
3702,CH1 0AC
3703,CH1 0AC
3705,CH1 0AC
3707,CH1 0AC
3708,CH1 0AC
3712,CH1 0AC
3713,CH1 0AC
3714,CH1 0AC
3715,CH1 0AC
3717,CH1 0AC
3719,CH1 0AC
3761,CH1 0AC
3762,CH1 0AC
3764,CH1 0AC
3765,CH1 0AC
3767,CH1 0AC
3768,CH1 0AC
3769,CH1 0AC
3770,CH1 0AC
3772,CH1 0AC
3774,CH1 0AC
3775,CH1 0AC
3777,CH1 0AC
3781,CH1 0AC
3785,CH1 0AC
3815,CH1 0AC
3818,CH1 0AC
3821,CH1 0AC
3823,CH1 0AC
3824,CH1 0AC
3825,CH1 0AC
3826,CH1 0AC
3827,CH1 0AC
3828,CH1 0AC
3830,CH1 0AC
3831,CH1 0AC
3835,CH1 0AC
3837,CH1 0AC
3838,CH1 0AC
3839,CH1 0AC
3841,CH1 0AC
3843,CH1 0AC
3844,CH1 0AC
3847,CH1 0AC
3849,CH1 0AC
3854,CH1 0AC
3893,CH1 0AC
3895,CH1 0AC
7022,CH1 0AC
7711,CH1 0AC
8174,CH1 0AC
7099,CH1 0AC
7805,CH1 0AC
8364,CH1 0AC
8299,CH1 0AC
7289,CH1 0AC
7416,CH1 0AC
8663,CH1 0AC
8113,CH1 0AC
7803,CH1 0AC
8736,CH1 0AC
7629,CH1 0AC
8562,CH1 0AC
8301,CH1 0AC
8836,CH1 0AC
8267,CH1 0AC
8358,CH1 0AC
7423,CH1 0AC
8441,CH1 0AC
7296,CH1 0AC
7417,CH1 0AC
8111,CH1 0AC
7294,CH1 0AC
8731,CH1 0AC
8293,CH1 0AC
8112,CH1 0AC
7291,CH1 0AC
7203,CH1 0AC
8525,CH1 0AC
4467,CZ1 0AC
4470,CZ1 0AC
4472,CZ1 0AC
4497,CZ1 0AC
4498,CZ1 0AC
4499,CZ1 0AC
4601,CZ1 0AC
4604,CZ1 0AC
4610,CZ1 0AC
4613,CZ1 0AC
4614,CZ1 0AC
4616,CZ1 0AC
4617,CZ1 0AC
4618,CZ1 0AC
4646,CZ1 0AC
4650,CZ1 0AC
4652,CZ1 0AC
4654,CZ1 0AC
4656,CZ1 0AC
4657,CZ1 0AC
4662,CZ1 0AC
4663,CZ1 0AC
4664,CZ1 0AC
4669,CZ1 0AC
4672,CZ1 0AC
4673,CZ1 0AC
4675,CZ1 0AC
4676,CZ1 0AC
4678,CZ1 0AC
7370,CZ1 0AC
7806,CZ1 0AC
8372,CZ1 0AC
7366,CZ1 0AC
7913,CZ1 0AC
7712,CZ1 0AC
7371,CZ1 0AC
8120,CZ1 0AC
7325,CZ1 0AC
7324,CZ1 0AC
8300,CZ1 0AC
8660,CZ1 0AC
7912,CZ1 0AC
7367,CZ1 0AC
8410,CZ1 0AC
7368,CZ1 0AC
7702,CZ1 0AC
8835,CZ1 0AC
7872,CZ1 0AC
7369,CZ1 0AC
8513,DE1 2AC
8828,DE1 3AC
8807,DE1 4AC
7208,DE1 2AC
3371,DE1 1AC
3372,DE1 1AC
3373,DE1 1AC
3374,DE1 1AC
3375,DE1 1AC
3378,DE1 1AC
3379,DE1 1AC
3380,DE1 1AC
3381,DE1 1AC
3394,DE1 1AC
3396,DE1 1AC
3397,DE1 1AC
3566,DE1 2AC
3571,DE1 2AC
3572,DE1 2AC
3573,DE1 2AC
3598,DE1 2AC
3600,DE1 2AC
3602,DE1 2AC
7808,DE1 2AC
3741,DE1 2AC
3743,DE1 2AC
3745,DE1 2AC
3747,DE1 2AC
3748,DE1 2AC
3749,DE1 2AC
3750,DE1 2AC
3751,DE1 2AC
3752,DE1 2AC
3754,DE1 2AC
3755,DE1 2AC
3778,DE1 2AC
3779,DE1 2AC
3792,DE1 2AC
3793,DE1 2AC
3794,DE1 2AC
3796,DE1 2AC
3798,DE1 2AC
3799,DE1 1AC
3803,DE1 1AC
3804,DE1 1AC
3806,DE1 1AC
7460,DE1 0AC
4548,DE1 4AC
4553,DE1 4AC
4554,DE1 4AC
4557,DE1 4AC
4559,DE1 4AC
4562,DE1 4AC
4565,DE1 4AC
4566,DE1 4AC
4567,DE1 4AC
4568,DE1 4AC
4571,DE1 4AC
4573,DE1 4AC
4577,DE1 4AC
4584,DE1 1AC
4585,DE1 1AC
4589,DE1 1AC
4590,DE1 1AC
4592,DE1 1AC
4620,DE1 4AC
4625,DE1 4AC
4626,DE1 4AC
4627,DE1 4AC
4629,DE1 4AC
4666,DE1 3AC
4685,DE1 3AC
4691,DE1 3AC
4693,DE1 3AC
4695,DE1 3AC
4697,DE1 3AC
4698,DE1 3AC
4700,DE1 3AC
4701,DE1 3AC
4703,DE1 3AC
4705,DE1 3AC
4709,DE1 3AC
4710,DE1 3AC
4713,DE1 3AC
4715,DE1 3AC
4716,DE1 3AC
4717,DE1 3AC
4719,DE1 3AC
4720,DE1 3AC
4722,DE1 3AC
4723,DE1 3AC
4724,DE1 3AC
4728,DE1 3AC
4730,DE1 3AC
4731,DE1 3AC
4733,DE1 3AC
4736,DE1 3AC
4738,DE1 3AC
4740,DE1 3AC
4742,DE1 3AC
4744,DE1 3AC
4746,DE1 3AC
4748,DE1 3AC
4749,DE1 3AC
4750,DE1 3AC
4752,DE1 3AC
4754,DE1 3AC
4755,DE1 3AC
4757,DE1 3AC
4759,DE1 3AC
4761,DE1 3AC
4763,DE1 3AC
4765,DE1 3AC
4766,DE1 3AC
4768,DE1 3AC
4773,DE1 3AC
4775,DE1 3AC
4777,DE1 3AC
4778,DE1 3AC
4779,DE1 3AC
4793,DE1 3AC
4795,DE1 3AC
4796,DE1 3AC
4798,DE1 3AC
4800,DE1 3AC
4831,DE1 3AC
4832,DE1 3AC
4834,DE1 3AC
4836,DE1 3AC
4841,DE1 3AC
4845,DE1 3AC
4846,DE1 3AC
4847,DE1 3AC
4848,DE1 3AC
4849,DE1 3AC
4850,DE1 2AC
4852,DE1 2AC
4853,DE1 2AC
4854,DE1 3AC
4859,DE1 2AC
4861,DE1 2AC
4863,DE1 3AC
4864,DE1 0AC
4865,DE1 0AC
4867,DE1 3AC
4869,DE1 3AC
4870,DE1 3AC
4871,DE1 0AC
4876,DE1 3AC
4877,DE1 3AC
4883,DE1 0AC
4884,DE1 3AC
4885,DE1 2AC
4886,DE1 0AC
4887,DE1 0AC
4888,DE1 0AC
4890,DE1 0AC
4891,DE1 0AC
4892,DE1 0AC
4893,DE1 0AC
4896,DE1 0AC
4898,DE1 0AC
4900,DE1 0AC
4901,DE1 3AC
4902,DE1 3AC
4905,DE1 2AC
4907,DE1 2AC
4909,DE1 2AC
4911,DE1 2AC
4913,DE1 2AC
4915,DE1 2AC
4917,DE1 2AC
4918,DE1 2AC
4920,DE1 2AC
4923,DE1 2AC
4924,DE1 2AC
4925,DE1 2AC
4930,DE1 2AC
4931,DE1 2AC
4932,DE1 2AC
4937,DE1 2AC
4938,DE1 2AC
4941,DE1 2AC
4942,DE1 2AC
4944,DE1 1AC
4945,DE1 1AC
4946,DE1 1AC
4947,DE1 1AC
4948,DE1 1AC
4949,DE1 1AC
5622,DE1 4AC
8297,DE1 4AC
5678,DE1 4AC
5679,DE1 0AC
5685,DE1 4AC
5687,DE1 4AC
5689,DE1 4AC
5691,DE1 4AC
5693,DE1 4AC
5695,DE1 4AC
5696,DE1 4AC
5699,DE1 4AC
5701,DE1 4AC
5703,DE1 4AC
5704,DE1 4AC
5706,DE1 4AC
5709,DE1 4AC
5711,DE1 4AC
5715,DE1 4AC
5722,DE1 4AC
5783,DE1 0AC
5784,DE1 3AC
5786,DE1 3AC
5787,DE1 3AC
5789,DE1 3AC
5792,DE1 0AC
5793,DE1 0AC
5796,DE1 3AC
5827,DE1 0AC
5830,DE1 0AC
5833,DE1 0AC
5853,DE1 0AC
5856,DE1 0AC
5858,DE1 0AC
5860,DE1 0AC
5861,DE1 0AC
5863,DE1 0AC
5864,DE1 0AC
5865,DE1 0AC
5867,DE1 0AC
5870,DE1 0AC
5871,DE1 0AC
5873,DE1 0AC
5875,DE1 0AC
5876,DE1 0AC
5878,DE1 0AC
5879,DE1 0AC
5880,DE1 0AC
5882,DE1 0AC
5883,DE1 0AC
5885,DE1 0AC
5886,DE1 0AC
5887,DE1 0AC
8581,DE1 3AC
7023,DE1 3AC
7052,DE1 0AC
7074,DE1 0AC
8847,DE1 2AC
7476,DE1 4AC
8351,DE1 0AC
7889,DE1 3AC
7633,DE1 0AC
7895,DE1 2AC
7897,DE1 2AC
8175,DE1 2AC
8225,DE1 4AC
8115,DE1 0AC
8041,DE1 4AC
8588,DE1 4AC
8725,DE1 2AC
7330,DE1 3AC
8116,DE1 0AC
7635,DE1 0AC
8707,DE1 3AC
7914,DE1 1AC
8745,DE1 4AC
7631,DE1 0AC
7630,DE1 0AC
7319,DE1 1AC
8599,DE1 2AC
8616,DE1 3AC
8310,DE1 3AC
8309,DE1 3AC
8168,DE1 3AC
7888,DE1 3AC
7373,DE1 4AC
7901,DE1 2AC
8028,DE1 2AC
8039,DE1 4AC
8042,DE1 0AC
7318,DE1 0AC
8181,DE1 3AC
7812,DE1 0AC
7328,DE1 3AC
7903,DE1 3AC
8752,DE1 4AC
8151,DE1 3AC
7713,DE1 2AC
7947,DE1 2AC
8596,DE1 2AC
8121,DE1 3AC
7810,DE1 2AC
7474,DE1 4AC
7374,DE1 0AC
8291,DE1 3AC
8414,DE1 3AC
8480,DE1 3AC
8806,DE1 4AC
8832,DE1 3AC
8357,DE1 3AC
7420,DE1 2AC
8685,DE1 2AC
8653,DE1 2AC
7363,DE1 2AC
7362,DE1 2AC
8101,DE1 0AC
8496,DE1 3AC
8470,DE1 1AC
8128,DE1 1AC
7424,DE1 3AC
7756,DE1 1AC
7703,DE1 2AC
7327,DE1 3AC
7375,DE1 0AC
7900,DE1 1AC
7949,DE1 2AC
7321,DE1 3AC
7320,DE1 3AC
8038,DE1 4AC
8490,DE1 2AC
7898,DE1 2AC
8443,DE1 1AC
8102,DE1 1AC
7315,DE1 2AC
8099,DE1 4AC
7871,DE1 3AC
8312,DE1 3AC
7902,DE1 4AC
7459,DE1 2AC
7761,DE1 3AC
7329,DE1 3AC
8848,DE1 0AC
8842,DE1 3AC
7322,DE1 2AC
7468,DE1 2AC
7677,DE1 2AC
8791,DE1 2AC
8593,DE1 2AC
7636,DE1 0AC
7326,DE1 2AC
8728,DE1 3AC
8863,DE1 0AC
8040,DE1 4AC
8391,DE1 2AC
7623,DE1 1AC
8834,DE1 4AC
8100,DE1 4AC
8737,DE1 4AC
8331,DE1 3AC
7317,DE1 3AC
7316,DE1 3AC
8610,DE1 0AC
7372,DE1 2AC
5803,DK1 0AC
5805,DK1 0AC
5815,DK1 0AC
5822,DK1 0AC
5836,DK1 0AC
5842,DK1 0AC
5847,DK1 0AC
8567,DK1 0AC
6385,DK1 0AC
6398,DK1 0AC
6402,DK1 0AC
6410,DK1 0AC
6416,DK1 0AC
6425,DK1 0AC
6434,DK1 0AC
7333,DK1 0AC
7332,DK1 0AC
5624,DK2 0AC
5642,DK2 0AC
5646,DK2 0AC
5657,DK2 0AC
5676,DK2 0AC
6324,DK2 0AC
7429,DK2 0AC
7613,DK2 0AC
6272,EE7 0AC
6273,EE7 0AC
6287,EE7 0AC
6291,EE7 0AC
6558,EE7 0AC
6560,EE7 0AC
6564,EE7 0AC
6565,EE7 0AC
6566,EE7 0AC
6574,EE7 0AC
6577,EE7 0AC
6578,EE7 0AC
6579,EE7 0AC
7698,EE7 0AC
7928,ES1 0AC
927,ES1 0AC
929,ES1 0AC
1004,ES1 0AC
1005,ES1 0AC
1006,ES1 0AC
1007,ES1 0AC
8172,ES1 0AC
7397,ES1 0AC
7927,ES1 0AC
1407,ES1 0AC
1408,ES1 0AC
1409,ES1 0AC
1452,ES1 0AC
1453,ES1 0AC
1454,ES1 0AC
1455,ES1 0AC
1456,ES1 0AC
1458,ES1 0AC
1460,ES1 0AC
1461,ES1 0AC
1463,ES1 0AC
1464,ES1 0AC
1465,ES1 0AC
1467,ES1 0AC
1469,ES1 0AC
1473,ES1 0AC
1475,ES1 0AC
1477,ES1 0AC
1479,ES1 0AC
1480,ES1 0AC
1481,ES1 0AC
1482,ES1 0AC
1483,ES1 0AC
1484,ES1 0AC
1485,ES1 0AC
1486,ES1 0AC
1488,ES1 0AC
1489,ES1 0AC
1490,ES1 0AC
1491,ES1 0AC
1492,ES1 0AC
1493,ES1 0AC
1494,ES1 0AC
1495,ES1 0AC
1496,ES1 0AC
1497,ES1 0AC
1498,ES1 0AC
1499,ES1 0AC
1500,ES1 0AC
1501,ES1 0AC
1502,ES1 0AC
1503,ES1 0AC
1507,ES1 0AC
1509,ES1 0AC
1513,ES1 0AC
1517,ES1 0AC
1519,ES1 0AC
1526,ES1 0AC
1527,ES1 0AC
1528,ES1 0AC
1532,ES1 0AC
1535,ES1 0AC
1539,ES1 0AC
1541,ES1 0AC
1546,ES1 0AC
1548,ES1 0AC
1549,ES1 0AC
1553,ES1 0AC
1555,ES1 0AC
8328,ES1 0AC
1556,ES1 0AC
1557,ES1 0AC
1558,ES1 0AC
1560,ES1 0AC
1563,ES1 0AC
1566,ES1 0AC
1570,ES1 0AC
1571,ES1 0AC
1572,ES1 0AC
1574,ES1 0AC
1578,ES1 0AC
1579,ES1 0AC
1580,ES1 0AC
1582,ES1 0AC
1584,ES1 0AC
1587,ES1 0AC
1588,ES1 0AC
1589,ES1 0AC
1592,ES1 0AC
1594,ES1 0AC
1596,ES1 0AC
1597,ES1 0AC
1601,ES1 0AC
1602,ES1 0AC
1603,ES1 0AC
1604,ES1 0AC
1606,ES1 0AC
1607,ES1 0AC
1609,ES1 0AC
1612,ES1 0AC
1616,ES1 0AC
1619,ES1 0AC
1621,ES1 0AC
1623,ES1 0AC
1624,ES1 0AC
1626,ES1 0AC
1627,ES1 0AC
1629,ES1 0AC
1631,ES1 0AC
1635,ES1 0AC
1636,ES1 0AC
1638,ES1 0AC
1641,ES1 0AC
1642,ES1 0AC
1644,ES1 0AC
1646,ES1 0AC
1648,ES1 0AC
1650,ES1 0AC
1652,ES1 0AC
1653,ES1 0AC
1657,ES1 0AC
1658,ES1 0AC
1659,ES1 0AC
1660,ES1 0AC
1663,ES1 0AC
1665,ES1 0AC
1666,ES1 0AC
1667,ES1 0AC
1671,ES1 0AC
1672,ES1 0AC
1676,ES1 0AC
1678,ES1 0AC
1679,ES1 0AC
1680,ES1 0AC
1684,ES1 0AC
1689,ES1 0AC
1691,ES1 0AC
1770,ES1 0AC
1758,ES1 0AC
1760,ES1 0AC
1767,ES1 0AC
1769,ES1 0AC
1771,ES1 0AC
1773,ES1 0AC
1774,ES1 0AC
1775,ES1 0AC
1777,ES1 0AC
1778,ES1 0AC
1789,ES1 0AC
1791,ES1 0AC
1793,ES1 0AC
1795,ES1 0AC
1797,ES1 0AC
1798,ES1 0AC
1799,ES1 0AC
1800,ES1 0AC
1803,ES1 0AC
1804,ES1 0AC
1805,ES1 0AC
1808,ES1 0AC
1809,ES1 0AC
1811,ES1 0AC
1812,ES1 0AC
1815,ES1 0AC
1816,ES1 0AC
1817,ES1 0AC
7818,ES1 0AC
8184,ES1 0AC
7820,ES1 0AC
2434,ES1 0AC
2436,ES1 0AC
2437,ES1 0AC
2438,ES1 0AC
2443,ES1 0AC
2444,ES1 0AC
2445,ES1 0AC
2447,ES1 0AC
2450,ES1 0AC
2453,ES1 0AC
2456,ES1 0AC
2458,ES1 0AC
2461,ES1 0AC
2464,ES1 0AC
2466,ES1 0AC
2467,ES1 0AC
2474,ES1 0AC
2482,ES1 0AC
2486,ES1 0AC
2489,ES1 0AC
2490,ES1 0AC
2492,ES1 0AC
2493,ES1 0AC
2496,ES1 0AC
2497,ES1 0AC
2499,ES1 0AC
2585,ES1 0AC
2587,ES1 0AC
2589,ES1 0AC
2590,ES1 0AC
2594,ES1 0AC
2595,ES1 0AC
2597,ES1 0AC
2598,ES1 0AC
2600,ES1 0AC
2602,ES1 0AC
2605,ES1 0AC
2609,ES1 0AC
2611,ES1 0AC
2612,ES1 0AC
2614,ES1 0AC
2616,ES1 0AC
2617,ES1 0AC
2621,ES1 0AC
2622,ES1 0AC
2624,ES1 0AC
2625,ES1 0AC
2628,ES1 0AC
2629,ES1 0AC
2630,ES1 0AC
2631,ES1 0AC
2633,ES1 0AC
2634,ES1 0AC
2637,ES1 0AC
2638,ES1 0AC
2640,ES1 0AC
2641,ES1 0AC
2643,ES1 0AC
2646,ES1 0AC
2647,ES1 0AC
2648,ES1 0AC
2649,ES1 0AC
2650,ES1 0AC
2652,ES1 0AC
2657,ES1 0AC
2659,ES1 0AC
2660,ES1 0AC
2661,ES1 0AC
2663,ES1 0AC
2665,ES1 0AC
2667,ES1 0AC
2673,ES1 0AC
2674,ES1 0AC
2677,ES1 0AC
2681,ES1 0AC
2682,ES1 0AC
2685,ES1 0AC
2689,ES1 0AC
2712,ES1 0AC
2714,ES1 0AC
2720,ES1 0AC
2725,ES1 0AC
2731,ES1 0AC
2732,ES1 0AC
2734,ES1 0AC
2738,ES1 0AC
2740,ES1 0AC
2742,ES1 0AC
2743,ES1 0AC
8362,ES1 0AC
2748,ES1 0AC
2750,ES1 0AC
2751,ES1 0AC
2753,ES1 0AC
2754,ES1 0AC
2756,ES1 0AC
2759,ES1 0AC
2763,ES1 0AC
2765,ES1 0AC
2770,ES1 0AC
2771,ES1 0AC
2772,ES1 0AC
2775,ES1 0AC
2776,ES1 0AC
2777,ES1 0AC
2781,ES1 0AC
2787,ES1 0AC
2789,ES1 0AC
2791,ES1 0AC
2793,ES1 0AC
2795,ES1 0AC
2796,ES1 0AC
2797,ES1 0AC
2798,ES1 0AC
2800,ES1 0AC
2802,ES1 0AC
2803,ES1 0AC
2804,ES1 0AC
2805,ES1 0AC
2808,ES1 0AC
2809,ES1 0AC
2810,ES1 0AC
2821,ES1 0AC
2822,ES1 0AC
2824,ES1 0AC
2826,ES1 0AC
2828,ES1 0AC
2830,ES1 0AC
2832,ES1 0AC
2833,ES1 0AC
2835,ES1 0AC
2838,ES1 0AC
2842,ES1 0AC
2844,ES1 0AC
2846,ES1 0AC
2852,ES1 0AC
2855,ES1 0AC
2856,ES1 0AC
2858,ES1 0AC
2859,ES1 0AC
2860,ES1 0AC
2861,ES1 0AC
2863,ES1 0AC
2864,ES1 0AC
2866,ES1 0AC
2867,ES1 0AC
2868,ES1 0AC
2870,ES1 0AC
2873,ES1 0AC
2875,ES1 0AC
2910,ES1 0AC
2912,ES1 0AC
2917,ES1 0AC
2920,ES1 0AC
2921,ES1 0AC
2924,ES1 0AC
2925,ES1 0AC
2928,ES1 0AC
2936,ES1 0AC
2942,ES1 0AC
2944,ES1 0AC
2947,ES1 0AC
2948,ES1 0AC
2951,ES1 0AC
2953,ES1 0AC
7227,ES1 0AC
7346,ES1 0AC
8666,ES1 0AC
8182,ES1 0AC
8478,ES1 0AC
8527,ES1 0AC
8759,ES1 0AC
8677,ES1 0AC
7850,ES1 0AC
8602,ES1 0AC
8753,ES1 0AC
8545,ES1 0AC
8359,ES1 0AC
7906,ES1 0AC
8858,ES1 0AC
7813,ES1 0AC
8475,ES1 0AC
7681,ES1 0AC
7134,ES1 0AC
7824,ES1 0AC
7116,ES1 0AC
7115,ES1 0AC
8248,ES1 0AC
7770,ES1 0AC
7831,ES1 0AC
8138,ES1 0AC
8157,ES1 0AC
7262,ES1 0AC
7910,ES1 0AC
7336,ES1 0AC
7215,ES1 0AC
8538,ES1 0AC
8340,ES1 0AC
7388,ES1 0AC
7714,ES1 0AC
8379,ES1 0AC
8716,ES1 0AC
7345,ES1 0AC
8183,ES1 0AC
7242,ES1 0AC
7241,ES1 0AC
7113,ES1 0AC
7112,ES1 0AC
7659,ES1 0AC
8176,ES1 0AC
7337,ES1 0AC
8626,ES1 0AC
8654,ES1 0AC
7108,ES1 0AC
8841,ES1 0AC
7220,ES1 0AC
7826,ES1 0AC
8437,ES1 0AC
7334,ES1 0AC
7308,ES1 0AC
8208,ES1 0AC
7216,ES1 0AC
7845,ES1 0AC
8370,ES1 0AC
8275,ES1 0AC
8373,ES1 0AC
8259,ES1 0AC
8467,ES1 0AC
8590,ES1 0AC
8805,ES1 0AC
7650,ES1 0AC
8498,ES1 0AC
7120,ES1 0AC
8458,ES1 0AC
7260,ES1 0AC
7678,ES1 0AC
7103,ES1 0AC
7102,ES1 0AC
7919,ES1 0AC
7170,ES1 0AC
8774,ES1 0AC
7916,ES1 0AC
8544,ES1 0AC
8844,ES1 0AC
7771,ES1 0AC
8516,ES1 0AC
8222,ES1 0AC
8156,ES1 0AC
7256,ES1 0AC
7817,ES1 0AC
8416,ES1 0AC
8519,ES1 0AC
7390,ES1 0AC
7389,ES1 0AC
7111,ES1 0AC
7110,ES1 0AC
8559,ES1 0AC
7842,ES1 0AC
8766,ES1 0AC
8820,ES1 0AC
7261,ES1 0AC
8453,ES1 0AC
8639,ES1 0AC
7122,ES1 0AC
7121,ES1 0AC
7109,ES1 0AC
7254,ES1 0AC
8603,ES1 0AC
7891,ES1 0AC
7821,ES1 0AC
8839,ES1 0AC
7705,ES1 0AC
7704,ES1 0AC
8137,ES1 0AC
7335,ES1 0AC
8158,ES1 0AC
7231,ES1 0AC
7230,ES1 0AC
7394,ES1 0AC
7838,ES1 0AC
8171,ES1 0AC
8286,ES1 0AC
7918,ES1 0AC
7701,ES1 0AC
8612,ES1 0AC
7848,ES1 0AC
7114,ES1 0AC
7700,ES1 0AC
7380,ES1 0AC
8589,ES1 0AC
8159,ES1 0AC
7682,ES1 0AC
7651,ES1 0AC
7310,ES1 0AC
7379,ES1 0AC
7248,ES1 0AC
8217,ES1 0AC
8816,ES1 0AC
7680,ES1 0AC
8434,ES1 0AC
8438,ES1 0AC
8387,ES1 0AC
7131,ES1 0AC
7685,ES1 0AC
7684,ES1 0AC
7243,ES1 0AC
8720,ES1 0AC
8327,ES1 0AC
7309,ES1 0AC
7924,ES1 0AC
7137,ES1 0AC
7136,ES1 0AC
8701,ES1 0AC
7742,ES1 0AC
7307,ES1 0AC
7843,ES1 0AC
7236,ES1 0AC
7129,ES1 0AC
7128,ES1 0AC
8229,ES1 0AC
8160,ES1 0AC
7255,ES1 0AC
8154,ES1 0AC
7245,ES1 0AC
7119,ES1 0AC
7224,ES1 0AC
8696,ES1 0AC
8826,ES1 0AC
8253,ES1 0AC
7922,ES1 0AC
8783,ES1 0AC
8571,ES1 0AC
8471,ES1 0AC
8656,ES1 0AC
7830,ES1 0AC
7829,ES1 0AC
7387,ES1 0AC
7386,ES1 0AC
7259,ES1 0AC
8186,ES1 0AC
7251,ES1 0AC
8390,ES1 0AC
7657,ES1 0AC
7225,ES1 0AC
7222,ES1 0AC
7816,ES1 0AC
8136,ES1 0AC
7338,ES1 0AC
8287,ES1 0AC
7391,ES1 0AC
8713,ES1 0AC
7219,ES1 0AC
7218,ES1 0AC
8792,ES1 0AC
8851,ES1 0AC
7921,ES1 0AC
7398,ES1 0AC
8353,ES1 0AC
7212,ES1 0AC
8319,ES1 0AC
7383,ES1 0AC
7382,ES1 0AC
8517,ES1 0AC
8419,ES1 0AC
7105,ES1 0AC
8423,ES1 0AC
8268,ES1 0AC
8729,ES1 0AC
7834,ES1 0AC
7717,ES1 0AC
8377,ES1 0AC
7229,ES1 0AC
7228,ES1 0AC
8214,ES1 0AC
7133,ES1 0AC
7132,ES1 0AC
8240,ES1 0AC
7095,ES1 0AC
7250,ES1 0AC
8269,ES1 0AC
8484,ES1 0AC
7707,ES1 0AC
7679,ES1 0AC
8491,ES1 0AC
8155,ES1 0AC
7138,ES1 0AC
7343,ES1 0AC
7211,ES1 0AC
7764,ES1 0AC
7381,ES1 0AC
7841,ES1 0AC
8464,ES1 0AC
8244,ES1 0AC
8224,ES1 0AC
8724,ES1 0AC
7819,ES1 0AC
7832,ES1 0AC
7926,ES1 0AC
7340,ES1 0AC
7339,ES1 0AC
7753,ES1 0AC
8800,ES1 0AC
7312,ES1 0AC
8801,ES1 0AC
7233,ES1 0AC
7683,ES1 0AC
8582,ES1 0AC
7925,ES1 0AC
7840,ES1 0AC
7716,ES1 0AC
7715,ES1 0AC
7752,ES1 0AC
7652,ES1 0AC
8131,ES1 0AC
8307,ES1 0AC
7234,ES1 0AC
8528,ES1 0AC
8185,ES1 0AC
7754,ES1 0AC
7654,ES1 0AC
8780,ES1 0AC
7849,ES1 0AC
7769,ES1 0AC
8456,ES1 0AC
7232,ES1 0AC
7385,ES1 0AC
7384,ES1 0AC
8819,ES1 0AC
8276,ES1 0AC
7851,ES1 0AC
8485,ES1 0AC
7828,ES1 0AC
8740,ES1 0AC
7844,ES1 0AC
7249,ES1 0AC
7247,ES1 0AC
7246,ES1 0AC
8636,ES1 0AC
8468,ES1 0AC
7823,ES1 0AC
7890,ES1 0AC
8354,ES1 0AC
8162,ES1 0AC
8260,ES1 0AC
8431,ES1 0AC
8680,ES1 0AC
7706,ES1 0AC
8688,ES1 0AC
7135,ES1 0AC
8630,ES1 0AC
8631,ES1 0AC
8355,ES1 0AC
8787,ES1 0AC
8811,ES1 0AC
8627,ES1 0AC
7835,ES1 0AC
8337,ES1 0AC
7378,ES1 0AC
7213,ES1 0AC
8852,ES1 0AC
7130,ES1 0AC
7093,ES1 0AC
7238,ES1 0AC
7237,ES1 0AC
8421,ES1 0AC
7104,ES1 0AC
8557,ES1 0AC
8329,ES1 0AC
7917,ES1 0AC
8228,ES1 0AC
7377,ES1 0AC
8609,ES1 0AC
8608,ES1 0AC
7127,ES1 0AC
7126,ES1 0AC
7392,ES1 0AC
7342,ES1 0AC
7341,ES1 0AC
7839,ES1 0AC
7686,ES1 0AC
7252,ES1 0AC
7815,ES1 0AC
7226,ES1 0AC
8322,ES1 0AC
7763,ES1 0AC
7393,ES1 0AC
8237,ES1 0AC
8628,ES1 0AC
8350,ES1 0AC
8733,ES1 0AC
8773,ES1 0AC
8477,ES1 0AC
8482,ES1 0AC
8703,ES1 0AC
8223,ES1 0AC
7088,ES1 0AC
8401,ES1 0AC
8161,ES1 0AC
8785,ES1 0AC
8435,ES1 0AC
7117,ES1 0AC
8264,ES1 0AC
8676,ES1 0AC
8454,ES1 0AC
8466,ES1 0AC
8432,ES1 0AC
8597,ES1 0AC
7658,ES1 0AC
7118,ES1 0AC
7094,ES1 0AC
8576,ES1 0AC
7660,ES1 0AC
7833,ES1 0AC
8406,ES1 0AC
7101,ES1 0AC
7766,ES1 0AC
8621,ES1 0AC
7376,ES1 0AC
7751,ES1 0AC
7239,ES1 0AC
7125,ES1 0AC
7765,ES1 0AC
7755,ES1 0AC
8232,ES1 0AC
8732,ES1 0AC
7087,ES1 0AC
8135,ES1 0AC
7089,ES1 0AC
7837,ES1 0AC
7772,ES1 0AC
7214,ES1 0AC
8767,ES1 0AC
7762,ES1 0AC
7235,ES1 0AC
7822,ES1 0AC
7217,ES1 0AC
7653,ES1 0AC
8318,ES1 0AC
8741,ES1 0AC
8600,ES1 0AC
7244,ES1 0AC
7768,ES1 0AC
7767,ES1 0AC
8405,ES1 0AC
7124,ES1 0AC
7123,ES1 0AC
8361,ES1 0AC
7139,ES1 0AC
7344,ES1 0AC
7915,ES1 0AC
7311,ES1 0AC
8215,ES1 0AC
8549,ES1 0AC
8315,ES1 0AC
8130,ES1 0AC
7656,ES1 0AC
7827,ES1 0AC
8338,ES1 0AC
8439,ES1 0AC
8555,ES1 0AC
8524,ES1 0AC
8550,ES1 0AC
8648,ES1 0AC
7923,ES1 0AC
8281,ES1 0AC
8705,ES1 0AC
8451,ES1 0AC
7836,ES1 0AC
7920,ES1 0AC
7107,ES1 0AC
8383,ES1 0AC
8667,ES1 0AC
7221,ES1 0AC
8671,ES1 0AC
8132,ES1 0AC
8252,ES1 0AC
7253,ES1 0AC
7313,ES1 0AC
8133,ES1 0AC
8655,ES1 0AC
8508,ES1 0AC
7814,ES1 0AC
7825,ES1 0AC
7106,ES1 0AC
1418,ES4 0AC
1419,ES4 0AC
1422,ES4 0AC
1429,ES4 0AC
1431,ES4 0AC
6571,FI2 0AC
6545,FI2 0AC
6572,FI2 0AC
6546,FI2 0AC
6547,FI2 0AC
6548,FI2 0AC
6549,FI2 0AC
6550,FI2 0AC
6551,FI2 0AC
6552,FI2 0AC
6553,FI2 0AC
6554,FI2 0AC
6555,FI2 0AC
6556,FI2 0AC
6567,FI2 0AC
6569,FI2 0AC
6570,FI2 0AC
6573,FI2 0AC
6617,FI2 0AC
6618,FI2 0AC
6619,FI2 0AC
6621,FI2 0AC
6778,FI2 0AC
6779,FI2 0AC
6780,FI2 0AC
6781,FI2 0AC
6783,FI2 0AC
6785,FI2 0AC
6786,FI2 0AC
6787,FI2 0AC
6788,FI2 0AC
6789,FI2 0AC
6790,FI2 0AC
6810,FI2 0AC
6811,FI2 0AC
6910,FI2 0AC
6911,FI2 0AC
6912,FI2 0AC
6915,FI2 0AC
6917,FI2 0AC
6918,FI2 0AC
6920,FI2 0AC
6921,FI2 0AC
6923,FI2 0AC
6990,FI2 0AC
6993,FI2 0AC
6994,FI2 0AC
6995,FI2 0AC
7056,FI2 0AC
8332,FI2 0AC
8579,FI2 0AC
8474,FI2 0AC
8757,FI2 0AC
8494,FI2 0AC
8726,FR1 4AC
7708,FR1 2AC
8313,FR1 4AC
8386,FR1 2AC
8333,FR1 2AC
7979,FR1 4AC
8853,FR1 0AC
2296,FR1 2AC
2298,FR1 2AC
2299,FR1 2AC
2300,FR1 2AC
2301,FR1 2AC
2303,FR1 2AC
2305,FR1 2AC
2309,FR1 2AC
2310,FR1 2AC
2312,FR1 2AC
2313,FR1 2AC
2314,FR1 2AC
2318,FR1 2AC
2319,FR1 2AC
2323,FR1 2AC
2325,FR1 2AC
2326,FR1 2AC
2327,FR1 2AC
2329,FR1 2AC
2330,FR1 2AC
2342,FR1 2AC
2343,FR1 2AC
2387,FR1 1AC
2389,FR1 1AC
2390,FR1 1AC
2391,FR1 1AC
2396,FR1 1AC
2398,FR1 1AC
2399,FR1 1AC
2401,FR1 1AC
2402,FR1 1AC
2403,FR1 1AC
2409,FR1 1AC
2410,FR1 1AC
2411,FR1 1AC
2417,FR1 1AC
2419,FR1 1AC
2421,FR1 1AC
2422,FR1 1AC
2423,FR1 1AC
2424,FR1 1AC
2425,FR1 1AC
2430,FR1 1AC
2432,FR1 1AC
2469,FR1 1AC
2476,FR1 1AC
2502,FR1 2AC
2504,FR1 2AC
2505,FR1 2AC
2506,FR1 2AC
2507,FR1 2AC
2508,FR1 2AC
2509,FR1 1AC
2510,FR1 1AC
2511,FR1 2AC
2513,FR1 2AC
2514,FR1 2AC
2515,FR1 2AC
2517,FR1 2AC
2519,FR1 2AC
2520,FR1 2AC
2521,FR1 2AC
2522,FR1 2AC
2524,FR1 2AC
2525,FR1 2AC
2529,FR1 2AC
2530,FR1 2AC
2531,FR1 2AC
2533,FR1 2AC
2534,FR1 2AC
2535,FR1 2AC
2536,FR1 2AC
2537,FR1 2AC
2538,FR1 2AC
2540,FR1 2AC
2541,FR1 2AC
2543,FR1 2AC
2544,FR1 2AC
2545,FR1 2AC
2547,FR1 2AC
2549,FR1 2AC
2550,FR1 2AC
2551,FR1 2AC
2552,FR1 2AC
2553,FR1 2AC
2554,FR1 2AC
2556,FR1 2AC
7141,FR1 2AC
2558,FR1 2AC
2559,FR1 2AC
2561,FR1 2AC
2563,FR1 2AC
2564,FR1 2AC
2565,FR1 2AC
2566,FR1 2AC
2567,FR1 2AC
2568,FR1 2AC
2571,FR1 2AC
2572,FR1 2AC
2573,FR1 2AC
2574,FR1 2AC
2576,FR1 2AC
2577,FR1 2AC
2578,FR1 2AC
2579,FR1 2AC
2580,FR1 2AC
2692,FR1 1AC
2693,FR1 1AC
2694,FR1 1AC
2696,FR1 1AC
2697,FR1 1AC
2698,FR1 1AC
2700,FR1 1AC
2702,FR1 1AC
2704,FR1 1AC
2706,FR1 1AC
2707,FR1 1AC
2708,FR1 1AC
2711,FR1 1AC
2764,FR1 1AC
3540,FR1 0AC
3517,FR1 0AC
3521,FR1 0AC
3524,FR1 0AC
3525,FR1 0AC
3529,FR1 0AC
3530,FR1 0AC
3536,FR1 0AC
3537,FR1 0AC
3539,FR1 0AC
3542,FR1 0AC
3544,FR1 0AC
3546,FR1 0AC
3550,FR1 0AC
3552,FR1 0AC
3553,FR1 0AC
3555,FR1 0AC
3556,FR1 0AC
3558,FR1 0AC
3560,FR1 0AC
3561,FR1 0AC
3562,FR1 0AC
3563,FR1 0AC
3564,FR1 0AC
3577,FR1 0AC
3578,FR1 0AC
3580,FR1 0AC
3582,FR1 0AC
3585,FR1 0AC
3627,FR1 0AC
3630,FR1 2AC
3632,FR1 2AC
3638,FR1 2AC
3645,FR1 2AC
3652,FR1 2AC
3653,FR1 2AC
3655,FR1 2AC
3657,FR1 2AC
3658,FR1 2AC
3660,FR1 2AC
3662,FR1 2AC
3664,FR1 2AC
3665,FR1 2AC
3668,FR1 2AC
3670,FR1 2AC
3672,FR1 2AC
3678,FR1 2AC
3679,FR1 0AC
3680,FR1 2AC
3683,FR1 2AC
3684,FR1 2AC
3685,FR1 2AC
3686,FR1 2AC
3687,FR1 2AC
3689,FR1 2AC
3693,FR1 2AC
3931,FR1 4AC
3933,FR1 3AC
3938,FR1 3AC
3942,FR1 3AC
3944,FR1 3AC
3945,FR1 4AC
3946,FR1 4AC
3947,FR1 3AC
3951,FR1 4AC
3953,FR1 4AC
3954,FR1 4AC
3960,FR1 4AC
3966,FR1 4AC
3968,FR1 4AC
3969,FR1 4AC
3971,FR1 4AC
3974,FR1 4AC
3976,FR1 4AC
3978,FR1 4AC
3979,FR1 4AC
3983,FR1 4AC
3984,FR1 4AC
3987,FR1 4AC
3988,FR1 4AC
3992,FR1 4AC
3993,FR1 4AC
3994,FR1 1AC
3995,FR1 1AC
3996,FR1 1AC
3999,FR1 1AC
4001,FR1 1AC
4002,FR1 1AC
4005,FR1 1AC
4007,FR1 4AC
4008,FR1 1AC
4011,FR1 1AC
4013,FR1 1AC
4015,FR1 1AC
4017,FR1 1AC
4019,FR1 4AC
4020,FR1 4AC
4023,FR1 4AC
4026,FR1 4AC
4027,FR1 4AC
4029,FR1 4AC
4030,FR1 4AC
4034,FR1 4AC
4036,FR1 4AC
4040,FR1 4AC
4042,FR1 4AC
4043,FR1 4AC
4045,FR1 4AC
4046,FR1 4AC
4047,FR1 4AC
4049,FR1 0AC
4051,FR1 0AC
4055,FR1 0AC
4060,FR1 0AC
4061,FR1 0AC
4063,FR1 0AC
4064,FR1 0AC
4065,FR1 0AC
4066,FR1 4AC
4068,FR1 4AC
4069,FR1 2AC
4073,FR1 2AC
4075,FR1 2AC
4076,FR1 2AC
4077,FR1 2AC
4079,FR1 2AC
4080,FR1 2AC
4081,FR1 2AC
4086,FR1 2AC
4087,FR1 2AC
4089,FR1 2AC
4091,FR1 2AC
4094,FR1 2AC
4097,FR1 2AC
4099,FR1 2AC
4100,FR1 0AC
4102,FR1 2AC
4103,FR1 2AC
4108,FR1 2AC
4109,FR1 2AC
4110,FR1 2AC
4112,FR1 2AC
4113,FR1 2AC
4116,FR1 2AC
4117,FR1 2AC
4120,FR1 2AC
4121,FR1 2AC
4122,FR1 2AC
4123,FR1 2AC
4125,FR1 2AC
4126,FR1 2AC
4128,FR1 2AC
4129,FR1 2AC
4131,FR1 2AC
4133,FR1 2AC
4134,FR1 2AC
4135,FR1 2AC
4136,FR1 2AC
4137,FR1 2AC
4138,FR1 3AC
4139,FR1 3AC
4142,FR1 3AC
4144,FR1 3AC
4145,FR1 3AC
4146,FR1 3AC
4147,FR1 3AC
4150,FR1 3AC
4151,FR1 3AC
4152,FR1 3AC
4153,FR1 3AC
4155,FR1 3AC
4156,FR1 3AC
4157,FR1 3AC
4159,FR1 3AC
4161,FR1 3AC
4162,FR1 3AC
4166,FR1 3AC
4167,FR1 3AC
4168,FR1 3AC
4170,FR1 3AC
4172,FR1 3AC
4174,FR1 3AC
4175,FR1 3AC
4176,FR1 3AC
4178,FR1 3AC
4180,FR1 3AC
4181,FR1 3AC
4182,FR1 3AC
4184,FR1 3AC
4185,FR1 3AC
4186,FR1 3AC
4188,FR1 3AC
4189,FR1 3AC
4190,FR1 3AC
4192,FR1 3AC
4194,FR1 3AC
4196,FR1 3AC
4197,FR1 3AC
4198,FR1 3AC
4199,FR1 3AC
4201,FR1 3AC
4202,FR1 3AC
4205,FR1 1AC
4206,FR1 1AC
4208,FR1 1AC
4210,FR1 1AC
4213,FR1 1AC
4215,FR1 1AC
7859,FR1 4AC
7775,FR1 2AC
4805,FR1 0AC
4817,FR1 0AC
4819,FR1 0AC
4820,FR1 0AC
4821,FR1 0AC
4824,FR1 0AC
4839,FR1 0AC
4983,FR1 4AC
4985,FR1 4AC
4988,FR1 4AC
4989,FR1 4AC
4991,FR1 4AC
4992,FR1 4AC
4993,FR1 4AC
4996,FR1 4AC
4997,FR1 4AC
4999,FR1 4AC
5001,FR1 4AC
5003,FR1 4AC
5004,FR1 4AC
5006,FR1 4AC
5007,FR1 4AC
5009,FR1 4AC
5014,FR1 4AC
5015,FR1 4AC
5016,FR1 4AC
5017,FR1 4AC
5019,FR1 4AC
5020,FR1 4AC
5021,FR1 4AC
5024,FR1 4AC
5026,FR1 4AC
5027,FR1 4AC
5028,FR1 4AC
5030,FR1 4AC
5033,FR1 4AC
5034,FR1 4AC
5035,FR1 4AC
5036,FR1 4AC
5040,FR1 4AC
5042,FR1 4AC
5045,FR1 4AC
5046,FR1 4AC
5049,FR1 4AC
5050,FR1 4AC
5052,FR1 4AC
5054,FR1 4AC
5055,FR1 4AC
5056,FR1 4AC
5058,FR1 4AC
5128,FR1 4AC
5111,FR1 4AC
5112,FR1 4AC
5113,FR1 4AC
5114,FR1 4AC
5115,FR1 4AC
5117,FR1 4AC
5119,FR1 4AC
5120,FR1 4AC
5122,FR1 4AC
5124,FR1 4AC
5126,FR1 4AC
5127,FR1 4AC
5130,FR1 4AC
5132,FR1 4AC
5134,FR1 4AC
5137,FR1 4AC
5139,FR1 4AC
5140,FR1 4AC
5141,FR1 4AC
5143,FR1 4AC
5144,FR1 4AC
5147,FR1 4AC
5151,FR1 4AC
5160,FR1 4AC
5162,FR1 4AC
5170,FR1 4AC
5171,FR1 4AC
5174,FR1 0AC
5176,FR1 4AC
5179,FR1 0AC
5182,FR1 0AC
5278,FR1 3AC
5279,FR1 3AC
5280,FR1 3AC
5281,FR1 3AC
5282,FR1 3AC
5284,FR1 3AC
7789,FR1 0AC
7788,FR1 0AC
8531,FR1 2AC
7399,FR1 1AC
7854,FR1 1AC
8815,FR1 1AC
8511,FR1 1AC
7037,FR1 4AC
7274,FR1 4AC
7268,FR1 3AC
7267,FR1 3AC
7349,FR1 4AC
7858,FR1 0AC
8738,FR1 1AC
7144,FR1 1AC
7273,FR1 4AC
8822,FR1 2AC
8413,FR1 0AC
7773,FR1 2AC
7143,FR1 2AC
7347,FR1 2AC
7783,FR1 3AC
8692,FR1 2AC
7718,FR1 0AC
7664,FR1 0AC
8574,FR1 2AC
8250,FR1 2AC
7857,FR1 4AC
8178,FR1 4AC
8177,FR1 2AC
7275,FR1 4AC
8605,FR1 2AC
8829,FR1 3AC
7269,FR1 0AC
7787,FR1 0AC
8756,FR1 4AC
7689,FR1 4AC
7152,FR1 4AC
7272,FR1 4AC
7400,FR1 4AC
8393,FR1 4AC
8632,FR1 4AC
8497,FR1 2AC
7782,FR1 2AC
7149,FR1 4AC
7661,FR1 1AC
8717,FR1 4AC
7856,FR1 3AC
7855,FR1 3AC
8388,FR1 4AC
8238,FR1 4AC
8771,FR1 0AC
7687,FR1 3AC
8163,FR1 2AC
8429,FR1 2AC
7978,FR1 3AC
8246,FR1 1AC
7146,FR1 2AC
7930,FR1 0AC
7271,FR1 4AC
7662,FR1 1AC
7852,FR1 1AC
8662,FR1 0AC
8604,FR1 2AC
8144,FR1 4AC
8700,FR1 4AC
8769,FR1 4AC
7264,FR1 1AC
7665,FR1 4AC
8394,FR1 3AC
8141,FR1 2AC
7263,FR1 1AC
7929,FR1 4AC
7976,FR1 2AC
7862,FR1 4AC
8548,FR1 1AC
8644,FR1 4AC
8367,FR1 4AC
8509,FR1 2AC
7860,FR1 4AC
7969,FR1 2AC
8142,FR1 0AC
8742,FR1 2AC
8761,FR1 4AC
7778,FR1 2AC
8418,FR1 3AC
7785,FR1 0AC
8436,FR1 0AC
8247,FR1 2AC
8308,FR1 3AC
8447,FR1 4AC
7435,FR1 1AC
8461,FR1 3AC
8823,FR1 1AC
8743,FR1 0AC
7147,FR1 0AC
8566,FR1 0AC
8795,FR1 0AC
8824,FR1 2AC
8706,FR1 1AC
8642,FR1 2AC
8465,FR1 4AC
7907,FR1 2AC
8540,FR1 2AC
8139,FR1 1AC
8541,FR1 2AC
8762,FR1 2AC
8679,FR1 4AC
8213,FR1 1AC
8781,FR1 1AC
7688,FR1 3AC
7265,FR1 4AC
7266,FR1 0AC
8730,FR1 4AC
8321,FR1 4AC
7853,FR1 1AC
7444,FR1 4AC
7780,FR1 2AC
7151,FR1 4AC
7090,FR1 1AC
7784,FR1 0AC
8721,FR1 3AC
7270,FR1 3AC
7966,FR1 2AC
8601,FR1 4AC
8143,FR1 0AC
8294,FR1 3AC
8487,FR1 4AC
8776,FR1 4AC
7977,FR1 2AC
8289,FR1 2AC
7863,FR1 4AC
8288,FR1 2AC
7970,FR1 1AC
8326,FR1 0AC
7776,FR1 2AC
7861,FR1 3AC
8114,FR1 1AC
8164,FR1 0AC
2380,FR5 0AC
8838,GB0 1AC
8013,GB0 1AC
8649,GB0 0AC
4950,GB0 0AC
4951,GB0 0AC
4952,GB0 0AC
4953,GB0 0AC
4955,GB0 0AC
4956,GB0 0AC
4958,GB0 0AC
4960,GB0 0AC
4961,GB0 0AC
4962,GB0 0AC
4963,GB0 0AC
4964,GB0 0AC
4965,GB0 0AC
4967,GB0 0AC
4968,GB0 0AC
4969,GB0 0AC
4970,GB0 0AC
4971,GB0 0AC
4972,GB0 0AC
4974,GB0 0AC
4975,GB0 0AC
4977,GB0 0AC
4979,GB0 0AC
5183,GB0 1AC
5185,GB0 0AC
5187,GB0 0AC
5188,GB0 0AC
5189,GB0 0AC
5190,GB0 0AC
5191,GB0 0AC
5192,GB0 0AC
5193,GB0 0AC
5194,GB0 0AC
5195,GB0 0AC
5198,GB0 0AC
5200,GB0 0AC
5202,GB0 0AC
5203,GB0 0AC
5204,GB0 0AC
5206,GB0 0AC
5207,GB0 0AC
5208,GB0 0AC
5209,GB0 0AC
5212,GB0 0AC
5213,GB0 0AC
5214,GB0 0AC
5215,GB0 0AC
5217,GB0 0AC
5218,GB0 0AC
5219,GB0 0AC
5221,GB0 0AC
5222,GB0 0AC
5223,GB0 0AC
5224,GB0 0AC
5225,GB0 0AC
5226,GB0 0AC
5228,GB0 0AC
5229,GB0 0AC
5230,GB0 0AC
5231,GB0 0AC
5233,GB0 0AC
5234,GB0 0AC
5236,GB0 0AC
5238,GB0 0AC
5240,GB0 0AC
5241,GB0 0AC
5242,GB0 0AC
5243,GB0 0AC
5245,GB0 0AC
5247,GB0 0AC
5248,GB0 0AC
5249,GB0 0AC
5250,GB0 0AC
5251,GB0 0AC
5252,GB0 0AC
5253,GB0 0AC
5254,GB0 0AC
5256,GB0 0AC
5257,GB0 0AC
5258,GB0 0AC
5259,GB0 0AC
5261,GB0 0AC
5262,GB0 0AC
5264,GB0 0AC
5265,GB0 0AC
5266,GB0 0AC
5268,GB0 0AC
5269,GB0 0AC
5270,GB0 0AC
5272,GB0 0AC
5273,GB0 0AC
5274,GB0 0AC
8397,GB0 0AC
8747,GB0 0AC
5955,GB0 1AC
5957,GB0 1AC
5959,GB0 1AC
5888,GB0 0AC
5889,GB0 0AC
5893,GB0 1AC
5896,GB0 1AC
5898,GB0 1AC
5901,GB0 1AC
5902,GB0 1AC
5904,GB0 1AC
5905,GB0 1AC
5910,GB0 1AC
5912,GB0 1AC
5913,GB0 1AC
5914,GB0 1AC
5917,GB0 1AC
5919,GB0 1AC
5920,GB0 1AC
5922,GB0 1AC
5924,GB0 1AC
5926,GB0 1AC
5927,GB0 1AC
5928,GB0 1AC
5929,GB0 1AC
5934,GB0 1AC
5939,GB0 1AC
5941,GB0 1AC
5942,GB0 1AC
5943,GB0 1AC
5944,GB0 1AC
5946,GB0 1AC
5949,GB0 1AC
5950,GB0 1AC
5951,GB0 1AC
5952,GB0 1AC
5953,GB0 1AC
5954,GB0 1AC
5960,GB0 1AC
5961,GB0 1AC
5962,GB0 1AC
5963,GB0 1AC
5966,GB0 1AC
5967,GB0 1AC
5968,GB0 1AC
5969,GB0 1AC
5971,GB0 1AC
5973,GB0 1AC
5974,GB0 1AC
5976,GB0 1AC
5978,GB0 1AC
5980,GB0 1AC
5981,GB0 1AC
5982,GB0 1AC
5983,GB0 1AC
5984,GB0 1AC
5986,GB0 1AC
5987,GB0 1AC
5988,GB0 1AC
5989,GB0 1AC
5990,GB0 1AC
5992,GB0 1AC
5993,GB0 1AC
5995,GB0 1AC
5996,GB0 1AC
5997,GB0 1AC
5998,GB0 1AC
5999,GB0 1AC
6001,GB0 1AC
6003,GB0 0AC
6004,GB0 0AC
6006,GB0 1AC
6007,GB0 0AC
6009,GB0 0AC
6010,GB0 0AC
6012,GB0 0AC
6013,GB0 0AC
6014,GB0 0AC
6016,GB0 0AC
6018,GB0 0AC
6019,GB0 1AC
6020,GB0 1AC
6021,GB0 1AC
6023,GB0 1AC
6025,GB0 1AC
6026,GB0 1AC
6028,GB0 0AC
6029,GB0 0AC
6030,GB0 0AC
6031,GB0 0AC
6032,GB0 0AC
6033,GB0 0AC
6035,GB0 0AC
6036,GB0 0AC
6037,GB0 0AC
6038,GB0 0AC
6039,GB0 0AC
6040,GB0 0AC
6041,GB0 0AC
6042,GB0 0AC
6043,GB0 0AC
6045,GB0 0AC
6046,GB0 0AC
6047,GB0 0AC
6048,GB0 0AC
6050,GB0 0AC
6051,GB0 0AC
8035,GB0 1AC
6437,GB0 1AC
6439,GB0 1AC
6440,GB0 1AC
6441,GB0 1AC
6442,GB0 1AC
6443,GB0 1AC
6447,GB0 1AC
6448,GB0 1AC
6451,GB0 1AC
6453,GB0 1AC
6454,GB0 1AC
6455,GB0 1AC
6457,GB0 1AC
6458,GB0 1AC
6460,GB0 1AC
6462,GB0 1AC
6464,GB0 1AC
6466,GB0 1AC
6467,GB0 1AC
6468,GB0 1AC
6469,GB0 1AC
6471,GB0 1AC
6472,GB0 1AC
6474,GB0 1AC
6475,GB0 1AC
6477,GB0 1AC
6480,GB0 1AC
6482,GB0 1AC
6484,GB0 1AC
6485,GB0 1AC
6486,GB0 1AC
7412,GB0 1AC
7909,GB0 0AC
8473,GB0 0AC
8529,GB0 0AC
8515,GB0 0AC
7462,GB0 0AC
7461,GB0 0AC
8023,GB0 1AC
7361,GB0 0AC
8860,GB0 0AC
8029,GB0 0AC
7464,GB0 0AC
7463,GB0 0AC
8017,GB0 1AC
8189,GB0 0AC
8037,GB0 1AC
8015,GB0 1AC
7946,GB0 0AC
7286,GB0 0AC
8014,GB0 0AC
8290,GB0 0AC
7471,GB0 1AC
7945,GB0 0AC
8033,GB0 1AC
8565,GB0 1AC
8036,GB0 1AC
7454,GB0 0AC
8575,GB0 1AC
7466,GB0 0AC
7465,GB0 0AC
8030,GB0 0AC
8020,GB0 1AC
8489,GB0 1AC
8034,GB0 1AC
8026,GB0 1AC
7455,GB0 0AC
8022,GB0 1AC
8744,GB0 1AC
7457,GB0 0AC
7456,GB0 0AC
8032,GB0 1AC
8025,GB0 0AC
8024,GB0 0AC
8021,GB0 0AC
8578,GB0 0AC
7469,GB0 1AC
8027,GB0 1AC
8016,GB0 0AC
8019,GB0 1AC
7458,GB0 0AC
8283,GB0 0AC
8093,GB0 0AC
7908,GB0 0AC
6067,GB6 0AC
6068,GB6 0AC
6069,GB6 0AC
6070,GB6 0AC
6071,GB6 0AC
6072,GB6 0AC
6074,GB6 0AC
6075,GB6 0AC
6076,GB6 0AC
7800,GB6 0AC
7197,GB6 0AC
7672,GB6 0AC
8427,GB6 0AC
1208,GR1 0AC
1209,GR1 0AC
1212,GR1 0AC
1213,GR1 0AC
1215,GR1 0AC
1217,GR1 0AC
1218,GR1 0AC
1219,GR1 0AC
1221,GR1 0AC
1222,GR1 0AC
1224,GR1 0AC
1290,GR1 0AC
1291,GR1 0AC
1292,GR1 0AC
1293,GR1 0AC
1294,GR1 0AC
1295,GR1 0AC
1296,GR1 0AC
1297,GR1 0AC
1298,GR1 0AC
1299,GR1 0AC
8173,GR1 0AC
8446,GR1 0AC
8808,GR1 0AC
8449,GR1 0AC
7885,GR1 0AC
7954,GR1 0AC
2266,HR1 0AC
2267,HR1 0AC
2270,HR1 0AC
2277,HR1 0AC
3310,HR1 0AC
3318,HR1 0AC
3319,HR1 0AC
3497,HR1 0AC
3502,HR1 0AC
3513,HR1 0AC
3514,HR1 0AC
3515,HR1 0AC
3516,HR1 0AC
8530,HR1 0AC
3256,HU1 0AC
3285,HU1 0AC
3287,HU1 0AC
3296,HU1 0AC
3298,HU1 0AC
3300,HU1 0AC
3302,HU1 0AC
3304,HU1 0AC
3305,HU1 0AC
3307,HU1 0AC
3308,HU1 0AC
3309,HU1 0AC
3313,HU1 0AC
3315,HU1 0AC
3331,HU1 0AC
3333,HU1 0AC
3335,HU1 0AC
3340,HU1 0AC
3342,HU1 0AC
3348,HU1 0AC
3360,HU1 0AC
3481,HU1 0AC
8179,HU1 0AC
8462,HU1 0AC
7690,HU1 0AC
8569,HU1 0AC
7453,HU1 0AC
8843,HU1 0AC
8090,HU1 0AC
7401,HU1 0AC
5285,IE6 0AC
5286,IE6 0AC
5287,IE6 0AC
5288,IE6 0AC
5289,IE6 0AC
5290,IE6 0AC
5291,IE6 0AC
5292,IE6 0AC
5293,IE6 0AC
5294,IE6 0AC
5295,IE6 0AC
6055,IE6 0AC
6056,IE6 0AC
6057,IE6 0AC
6058,IE6 0AC
6059,IE6 0AC
6060,IE6 0AC
6061,IE6 0AC
6077,IE6 0AC
6080,IE6 0AC
6081,IE6 0AC
6082,IE6 0AC
6083,IE6 0AC
6086,IE6 0AC
6087,IE6 0AC
6088,IE6 0AC
6089,IE6 0AC
6091,IE6 0AC
6092,IE6 0AC
6093,IE6 0AC
6094,IE6 0AC
6095,IE6 0AC
6096,IE6 0AC
6097,IE6 0AC
6099,IE6 0AC
7034,IE6 0AC
8165,IE6 0AC
7276,IE6 0AC
8472,IE6 0AC
7691,IE6 0AC
7157,IT1 0AC
1316,IT1 1AC
1317,IT1 1AC
8699,IT1 0AC
1318,IT1 1AC
1337,IT1 1AC
1338,IT1 1AC
1311,IT1 1AC
1312,IT1 1AC
1313,IT1 1AC
1315,IT1 1AC
1269,IT1 1AC
1272,IT1 1AC
1275,IT1 1AC
1278,IT1 1AC
1280,IT1 1AC
1301,IT1 1AC
1302,IT1 1AC
1303,IT1 1AC
1305,IT1 1AC
1306,IT1 1AC
1308,IT1 1AC
1320,IT1 1AC
1323,IT1 1AC
1324,IT1 1AC
1326,IT1 1AC
1327,IT1 1AC
1328,IT1 1AC
1329,IT1 1AC
1330,IT1 1AC
1331,IT1 1AC
1332,IT1 1AC
1334,IT1 1AC
1336,IT1 1AC
1339,IT1 1AC
1341,IT1 1AC
1344,IT1 1AC
1345,IT1 1AC
1346,IT1 1AC
1347,IT1 1AC
2215,IT1 0AC
2216,IT1 0AC
2218,IT1 0AC
2220,IT1 0AC
2221,IT1 0AC
2224,IT1 0AC
2225,IT1 0AC
2227,IT1 0AC
2229,IT1 0AC
2231,IT1 0AC
2233,IT1 0AC
2235,IT1 0AC
2236,IT1 0AC
2239,IT1 0AC
2242,IT1 1AC
2244,IT1 1AC
2245,IT1 1AC
2247,IT1 1AC
2249,IT1 1AC
2251,IT1 1AC
2253,IT1 1AC
2255,IT1 1AC
2256,IT1 1AC
2258,IT1 1AC
2259,IT1 1AC
2260,IT1 1AC
2261,IT1 1AC
2262,IT1 1AC
2264,IT1 1AC
2265,IT1 1AC
2282,IT1 1AC
2284,IT1 1AC
2285,IT1 1AC
2286,IT1 1AC
2287,IT1 1AC
2289,IT1 1AC
2290,IT1 1AC
2293,IT1 1AC
2294,IT1 1AC
2295,IT1 1AC
2332,IT1 0AC
2335,IT1 0AC
2337,IT1 0AC
2338,IT1 0AC
2340,IT1 0AC
2347,IT1 0AC
2348,IT1 0AC
2349,IT1 0AC
2350,IT1 0AC
2353,IT1 0AC
2354,IT1 0AC
2355,IT1 0AC
2357,IT1 0AC
2359,IT1 0AC
2360,IT1 0AC
2362,IT1 0AC
2363,IT1 0AC
2364,IT1 0AC
2365,IT1 0AC
2366,IT1 0AC
2367,IT1 0AC
2368,IT1 0AC
2369,IT1 0AC
2370,IT1 0AC
2371,IT1 0AC
2373,IT1 0AC
2375,IT1 0AC
2376,IT1 0AC
2377,IT1 0AC
2383,IT1 0AC
2385,IT1 0AC
3413,IT1 0AC
3414,IT1 0AC
3415,IT1 0AC
3416,IT1 0AC
3418,IT1 0AC
3419,IT1 0AC
3420,IT1 0AC
3422,IT1 0AC
3424,IT1 0AC
3425,IT1 0AC
3427,IT1 0AC
3428,IT1 0AC
3429,IT1 0AC
3431,IT1 0AC
3433,IT1 0AC
3436,IT1 0AC
3437,IT1 0AC
3438,IT1 0AC
3442,IT1 0AC
3443,IT1 0AC
3444,IT1 0AC
3446,IT1 0AC
3447,IT1 0AC
3450,IT1 0AC
3451,IT1 0AC
3694,IT1 0AC
3724,IT1 0AC
3725,IT1 0AC
3726,IT1 0AC
3728,IT1 0AC
3729,IT1 0AC
3731,IT1 0AC
3732,IT1 0AC
3734,IT1 0AC
3735,IT1 0AC
3737,IT1 0AC
3738,IT1 0AC
3739,IT1 0AC
3861,IT1 0AC
3862,IT1 0AC
3863,IT1 0AC
3864,IT1 0AC
3870,IT1 0AC
3871,IT1 0AC
3872,IT1 0AC
3874,IT1 0AC
3877,IT1 0AC
3878,IT1 0AC
3879,IT1 0AC
3880,IT1 0AC
3881,IT1 0AC
3883,IT1 0AC
3884,IT1 0AC
3885,IT1 0AC
3888,IT1 0AC
3889,IT1 0AC
3890,IT1 0AC
3891,IT1 0AC
3897,IT1 0AC
3900,IT1 0AC
3902,IT1 0AC
3905,IT1 0AC
3906,IT1 0AC
3907,IT1 0AC
3910,IT1 0AC
3911,IT1 0AC
3912,IT1 0AC
3913,IT1 0AC
3914,IT1 0AC
3916,IT1 0AC
3917,IT1 0AC
3919,IT1 0AC
3920,IT1 0AC
3921,IT1 0AC
3923,IT1 0AC
3924,IT1 0AC
3925,IT1 0AC
3927,IT1 0AC
3929,IT1 0AC
7865,IT1 0AC
8385,IT1 0AC
7351,IT1 0AC
7350,IT1 0AC
8810,IT1 1AC
7692,IT1 0AC
8711,IT1 1AC
8837,IT1 0AC
8561,IT1 0AC
8533,IT1 1AC
8514,IT1 1AC
8486,IT1 0AC
8234,IT1 1AC
8345,IT1 1AC
7404,IT1 0AC
8614,IT1 0AC
8280,IT1 1AC
8266,IT1 0AC
8629,IT1 0AC
7154,IT1 0AC
7153,IT1 0AC
7402,IT1 0AC
8768,IT1 0AC
7405,IT1 0AC
8539,IT1 0AC
7668,IT1 0AC
7156,IT1 0AC
7155,IT1 0AC
8560,IT1 0AC
7864,IT1 0AC
7931,IT1 0AC
7403,IT1 0AC
7886,IT1 1AC
8617,IT1 0AC
8859,IT1 0AC
8772,IT1 0AC
8304,IT1 0AC
8365,IT1 0AC
8646,IT1 0AC
8278,IT1 0AC
8543,IT1 0AC
8452,IT1 0AC
8450,IT1 0AC
8650,IT1 0AC
8476,IT1 0AC
8395,IT1 1AC
7932,IT1 0AC
7710,IT1 1AC
7709,IT1 1AC
7477,IT1 0AC
7719,IT1 0AC
1349,IT3 0AC
1377,IT3 0AC
1383,IT3 0AC
1384,IT3 0AC
1388,IT3 0AC
8592,IT3 0AC
8586,IT3 0AC
8352,IT3 0AC
5537,LT7 0AC
5540,LT7 0AC
5541,LT7 0AC
5543,LT7 0AC
5545,LT7 0AC
5546,LT7 0AC
5547,LT7 0AC
5557,LT7 0AC
5562,LT7 0AC
5566,LT7 0AC
5601,LT7 0AC
5602,LT7 0AC
5603,LT7 0AC
5604,LT7 0AC
5605,LT7 0AC
5607,LT7 0AC
5609,LT7 0AC
5611,LT7 0AC
6277,LT7 0AC
6278,LT7 0AC
6303,LT7 0AC
6304,LT7 0AC
8789,LT7 0AC
7639,LT7 0AC
4792,LU1 0AC
4794,LU1 0AC
4804,LU1 0AC
4806,LU1 0AC
4807,LU1 0AC
4808,LU1 0AC
4809,LU1 0AC
4810,LU1 0AC
4811,LU1 0AC
4812,LU1 0AC
4813,LU1 0AC
4815,LU1 0AC
8043,LU1 0AC
6274,LV7 0AC
6275,LV7 0AC
6276,LV7 0AC
6279,LV7 0AC
6280,LV7 0AC
6281,LV7 0AC
6282,LV7 0AC
6283,LV7 0AC
6284,LV7 0AC
6285,LV7 0AC
6289,LV7 0AC
6296,LV7 0AC
6301,LV7 0AC
6302,LV7 0AC
7883,LV7 0AC
2127,ME1 0AC
2143,ME1 0AC
2144,ME1 0AC
2149,ME1 0AC
2150,ME1 0AC
2151,ME1 0AC
2152,ME1 0AC
2183,ME1 0AC
7029,ME1 0AC
7038,ME1 0AC
2201,MK1 0AC
2205,MK1 0AC
2210,MK1 0AC
2211,MK1 0AC
2212,MK1 0AC
2213,MK1 0AC
4679,NL1 0AC
4680,NL1 0AC
4681,NL1 0AC
4683,NL1 0AC
4687,NL1 0AC
5061,NL1 0AC
5062,NL1 0AC
5086,NL1 0AC
5087,NL1 0AC
5088,NL1 0AC
5089,NL1 0AC
5090,NL1 0AC
5091,NL1 0AC
5092,NL1 0AC
5093,NL1 0AC
5094,NL1 0AC
5095,NL1 0AC
5105,NL1 0AC
5106,NL1 0AC
5749,NL1 0AC
5751,NL1 0AC
5753,NL1 0AC
5754,NL1 0AC
5755,NL1 0AC
5756,NL1 0AC
5758,NL1 0AC
5759,NL1 0AC
5760,NL1 0AC
5762,NL1 0AC
5763,NL1 0AC
5765,NL1 0AC
5767,NL1 0AC
5890,NL1 0AC
5891,NL1 0AC
8622,NO2 0AC
6356,NO2 0AC
6358,NO2 0AC
6360,NO2 0AC
6363,NO2 0AC
6365,NO2 0AC
6373,NO2 0AC
6626,NO2 0AC
6629,NO2 0AC
6647,NO2 0AC
6648,NO2 0AC
6649,NO2 0AC
6650,NO2 0AC
6652,NO2 0AC
6653,NO2 0AC
6654,NO2 0AC
6656,NO2 0AC
6661,NO2 0AC
6663,NO2 0AC
6665,NO2 0AC
6668,NO2 0AC
6669,NO2 0AC
6673,NO2 0AC
6674,NO2 0AC
6676,NO2 0AC
6678,NO2 0AC
6682,NO2 0AC
6683,NO2 0AC
6687,NO2 0AC
6690,NO2 0AC
6691,NO2 0AC
6693,NO2 0AC
6695,NO2 0AC
6698,NO2 0AC
6699,NO2 0AC
6703,NO2 0AC
6704,NO2 0AC
6705,NO2 0AC
6706,NO2 0AC
6707,NO2 0AC
6709,NO2 0AC
6710,NO2 0AC
6711,NO2 0AC
6712,NO2 0AC
6714,NO2 0AC
6715,NO2 0AC
6716,NO2 0AC
6718,NO2 0AC
6719,NO2 0AC
6720,NO2 0AC
6721,NO2 0AC
6722,NO2 0AC
6723,NO2 0AC
6724,NO2 0AC
6725,NO2 0AC
6727,NO2 0AC
6728,NO2 0AC
6730,NO2 0AC
6731,NO2 0AC
6732,NO2 0AC
6734,NO2 0AC
6736,NO2 0AC
6737,NO2 0AC
6738,NO2 0AC
6740,NO2 0AC
6742,NO2 0AC
6743,NO2 0AC
6745,NO2 0AC
6746,NO2 0AC
6747,NO2 0AC
6748,NO2 0AC
6749,NO2 0AC
6751,NO2 0AC
6752,NO2 0AC
6812,NO2 0AC
6814,NO2 0AC
6873,NO2 0AC
6856,NO2 0AC
6857,NO2 0AC
6860,NO2 0AC
6861,NO2 0AC
6862,NO2 0AC
6863,NO2 0AC
6864,NO2 0AC
6866,NO2 0AC
6867,NO2 0AC
6869,NO2 0AC
6871,NO2 0AC
6874,NO2 0AC
6936,NO2 0AC
6937,NO2 0AC
6938,NO2 0AC
6940,NO2 0AC
6942,NO2 0AC
6944,NO2 0AC
6996,NO2 0AC
7006,NO2 0AC
7007,NO2 0AC
7008,NO2 0AC
7061,NO2 0AC
8448,NO2 0AC
8344,NO2 0AC
8460,NO2 0AC
7887,NO2 0AC
8611,NO2 0AC
4393,PL1 0AC
4394,PL1 0AC
4396,PL1 0AC
4406,PL1 0AC
4444,PL1 0AC
4446,PL1 0AC
4447,PL1 0AC
4448,PL1 0AC
4449,PL1 0AC
4450,PL1 0AC
4451,PL1 0AC
4452,PL1 0AC
4453,PL1 0AC
4454,PL1 0AC
4455,PL1 0AC
4457,PL1 0AC
4458,PL1 0AC
4461,PL1 0AC
4465,PL1 0AC
4468,PL1 0AC
4473,PL1 0AC
4474,PL1 0AC
4477,PL1 0AC
4478,PL1 0AC
4480,PL1 0AC
4481,PL1 0AC
4482,PL1 0AC
4484,PL1 0AC
4485,PL1 0AC
4486,PL1 0AC
4487,PL1 0AC
4488,PL1 0AC
4490,PL1 0AC
4492,PL1 0AC
4495,PL1 0AC
4496,PL1 0AC
4504,PL1 0AC
4507,PL1 0AC
4509,PL1 0AC
4510,PL1 0AC
4512,PL1 0AC
4516,PL1 0AC
4517,PL1 0AC
4518,PL1 0AC
4519,PL1 0AC
4521,PL1 0AC
4522,PL1 0AC
4524,PL1 0AC
4525,PL1 0AC
4526,PL1 0AC
4527,PL1 0AC
4530,PL1 0AC
4532,PL1 0AC
4534,PL1 0AC
4538,PL1 0AC
4539,PL1 0AC
4540,PL1 0AC
4542,PL1 0AC
4546,PL1 0AC
4632,PL1 0AC
4636,PL1 0AC
4638,PL1 0AC
4641,PL1 0AC
4642,PL1 0AC
4643,PL1 0AC
4645,PL1 0AC
4670,PL1 0AC
4671,PL1 0AC
7744,PL1 0AC
5552,PL1 0AC
5588,PL1 0AC
5589,PL1 0AC
5590,PL1 0AC
5591,PL1 0AC
5592,PL1 0AC
5593,PL1 0AC
5595,PL1 0AC
5596,PL1 0AC
5598,PL1 0AC
5599,PL1 0AC
5600,PL1 0AC
5612,PL1 0AC
5614,PL1 0AC
5616,PL1 0AC
5618,PL1 0AC
5619,PL1 0AC
5620,PL1 0AC
7937,PL1 0AC
5717,PL1 0AC
5718,PL1 0AC
5719,PL1 0AC
5724,PL1 0AC
5726,PL1 0AC
5727,PL1 0AC
5728,PL1 0AC
5730,PL1 0AC
5731,PL1 0AC
5733,PL1 0AC
5735,PL1 0AC
8564,PL1 0AC
7933,PL1 0AC
7160,PL1 0AC
7159,PL1 0AC
8563,PL1 0AC
8210,PL1 0AC
7936,PL1 0AC
7720,PL1 0AC
8125,PL1 0AC
7278,PL1 0AC
8000,PL1 0AC
8285,PL1 0AC
8584,PL1 0AC
7608,PL1 0AC
8119,PL1 0AC
8684,PL1 0AC
7637,PL1 0AC
8455,PL1 0AC
8118,PL1 0AC
7314,PL1 0AC
8404,PL1 0AC
7934,PL1 0AC
8784,PL1 0AC
7868,PL1 0AC
8797,PL1 0AC
8180,PL1 0AC
8005,PL1 0AC
8670,PL1 0AC
8263,PL1 0AC
7158,PL1 0AC
7612,PL1 0AC
7280,PL1 0AC
8006,PL1 0AC
7935,PL1 0AC
7867,PL1 0AC
7162,PL1 0AC
7161,PL1 0AC
8554,PL1 0AC
7279,PL1 0AC
7406,PL1 0AC
7669,PL1 0AC
7407,PL1 0AC
7792,PL1 0AC
7894,PL1 0AC
7638,PL1 0AC
7277,PL1 0AC
8187,PL1 0AC
7793,PL1 0AC
7791,PL1 0AC
8369,PL1 0AC
8686,PL1 0AC
8638,PL1 0AC
7893,PL1 0AC
8572,PL1 0AC
7892,PL1 0AC
7866,PL1 0AC
8274,PL1 0AC
8219,PL1 0AC
7884,PL1 0AC
8827,PT1 0AC
8092,PT1 0AC
8091,PT1 0AC
1692,PT1 0AC
1694,PT1 0AC
1695,PT1 0AC
1696,PT1 0AC
1698,PT1 0AC
1699,PT1 0AC
1702,PT1 0AC
1703,PT1 0AC
1707,PT1 0AC
1709,PT1 0AC
1712,PT1 0AC
1713,PT1 0AC
1715,PT1 0AC
1717,PT1 0AC
1718,PT1 0AC
1723,PT1 0AC
1724,PT1 0AC
1725,PT1 0AC
1727,PT1 0AC
1728,PT1 0AC
1729,PT1 0AC
1731,PT1 0AC
1733,PT1 0AC
1735,PT1 0AC
1736,PT1 0AC
1741,PT1 0AC
1750,PT1 0AC
1753,PT1 0AC
1756,PT1 0AC
1757,PT1 0AC
1759,PT1 0AC
1781,PT1 0AC
1782,PT1 0AC
1785,PT1 0AC
1787,PT1 0AC
7431,PT1 0AC
2811,PT1 0AC
2813,PT1 0AC
2814,PT1 0AC
2815,PT1 0AC
2819,PT1 0AC
2820,PT1 0AC
2878,PT1 0AC
2880,PT1 0AC
2884,PT1 0AC
2885,PT1 0AC
2887,PT1 0AC
2888,PT1 0AC
2890,PT1 0AC
2891,PT1 0AC
2894,PT1 0AC
2897,PT1 0AC
2899,PT1 0AC
2906,PT1 0AC
2933,PT1 0AC
2935,PT1 0AC
2938,PT1 0AC
2940,PT1 0AC
7163,PT1 0AC
7414,PT1 0AC
7413,PT1 0AC
7694,PT1 0AC
8166,PT1 0AC
7693,PT1 0AC
7171,PT1 0AC
7995,PT1 0AC
8089,PT1 0AC
7615,PT1 0AC
7614,PT1 0AC
8188,PT1 0AC
7797,PT1 0AC
8594,PT1 0AC
8483,PT1 0AC
7938,PT1 0AC
7409,PT1 0AC
7996,PT1 0AC
7721,PT1 0AC
7950,PT1 0AC
7183,PT1 0AC
7182,PT1 0AC
7355,PT1 0AC
8167,PT1 0AC
7722,PT1 0AC
8349,PT1 0AC
7410,PT1 0AC
7695,PT1 0AC
7166,PT1 0AC
7173,PT1 0AC
7172,PT1 0AC
7439,PT1 0AC
7873,PT1 0AC
7618,PT1 0AC
8261,PT1 0AC
7411,PT1 0AC
7167,PT1 0AC
8672,PT1 0AC
7168,PT1 0AC
7939,PT1 0AC
7620,PT1 0AC
7619,PT1 0AC
7696,PT1 0AC
7357,PT1 0AC
7169,PT1 0AC
7358,PT1 0AC
7281,PT1 0AC
7438,PT1 0AC
7356,PT1 0AC
7165,PT1 0AC
7617,PT1 0AC
7616,PT1 0AC
7181,PT1 0AC
7795,PT1 0AC
8088,PT1 0AC
7164,PT1 0AC
7622,PT1 0AC
7621,PT1 0AC
7288,PT1 0AC
7287,PT1 0AC
7185,PT1 0AC
7408,PT1 0AC
7179,PT1 0AC
8734,PT1 0AC
7282,PT1 0AC
7674,PT1 0AC
7186,PT1 0AC
7284,PT1 0AC
7257,PT1 0AC
7175,PT1 0AC
7174,PT1 0AC
7940,PT1 0AC
7178,PT1 0AC
7794,PT1 0AC
7354,PT1 0AC
7869,PT1 0AC
7870,PT1 0AC
7441,PT1 0AC
8095,PT1 0AC
8145,PT1 0AC
7177,PT1 0AC
7176,PT1 0AC
1944,RO1 0AC
1946,RO1 0AC
1950,RO1 0AC
1952,RO1 0AC
1982,RO1 0AC
1983,RO1 0AC
1985,RO1 0AC
1986,RO1 0AC
1988,RO1 0AC
1995,RO1 0AC
1996,RO1 0AC
1998,RO1 0AC
2000,RO1 0AC
2003,RO1 0AC
2007,RO1 0AC
2038,RO1 0AC
2041,RO1 0AC
2043,RO1 0AC
2047,RO1 0AC
2049,RO1 0AC
2050,RO1 0AC
2054,RO1 0AC
2055,RO1 0AC
2057,RO1 0AC
3156,RO1 0AC
3160,RO1 0AC
3194,RO1 0AC
3195,RO1 0AC
3196,RO1 0AC
3201,RO1 0AC
3203,RO1 0AC
3204,RO1 0AC
3205,RO1 0AC
3206,RO1 0AC
3208,RO1 0AC
3210,RO1 0AC
3214,RO1 0AC
3216,RO1 0AC
3218,RO1 0AC
3220,RO1 0AC
3221,RO1 0AC
3223,RO1 0AC
3228,RO1 0AC
3233,RO1 0AC
3247,RO1 0AC
3250,RO1 0AC
3251,RO1 0AC
3252,RO1 0AC
3253,RO1 0AC
3254,RO1 0AC
3255,RO1 0AC
3257,RO1 0AC
3259,RO1 0AC
3261,RO1 0AC
3263,RO1 0AC
3265,RO1 0AC
3269,RO1 0AC
3346,RO1 0AC
3357,RO1 0AC
3362,RO1 0AC
3363,RO1 0AC
3365,RO1 0AC
3366,RO1 0AC
3368,RO1 0AC
7042,RO1 0AC
7070,RO1 0AC
7187,RO1 0AC
8104,RO1 0AC
7627,RO1 0AC
8209,RO1 0AC
2115,RS1 0AC
2119,RS1 0AC
2123,RS1 0AC
2158,RS1 0AC
2159,RS1 0AC
2161,RS1 0AC
2163,RS1 0AC
2164,RS1 0AC
2165,RS1 0AC
2167,RS1 0AC
2169,RS1 0AC
2170,RS1 0AC
2171,RS1 0AC
2173,RS1 0AC
2174,RS1 0AC
2175,RS1 0AC
2176,RS1 0AC
2177,RS1 0AC
2178,RS1 0AC
2179,RS1 0AC
2182,RS1 0AC
2187,RS1 0AC
2188,RS1 0AC
2189,RS1 0AC
2202,RS1 0AC
2204,RS1 0AC
2206,RS1 0AC
2208,RS1 0AC
3351,RS1 0AC
3352,RS1 0AC
3354,RS1 0AC
3358,RS1 0AC
3359,RS1 0AC
7058,RS1 0AC
7064,RS1 0AC
7067,RS1 0AC
7068,RS1 0AC
8659,RS1 0AC
7202,RS1 0AC
8775,SE2 0AC
5671,SE2 0AC
5672,SE2 0AC
5673,SE2 0AC
6305,SE2 0AC
6306,SE2 0AC
6307,SE2 0AC
6309,SE2 0AC
6311,SE2 0AC
6312,SE2 0AC
6313,SE2 0AC
6314,SE2 0AC
6315,SE2 0AC
6316,SE2 0AC
6335,SE2 0AC
6337,SE2 0AC
6338,SE2 0AC
6341,SE2 0AC
6342,SE2 0AC
6343,SE2 0AC
6345,SE2 0AC
6346,SE2 0AC
6348,SE2 0AC
6349,SE2 0AC
6350,SE2 0AC
6351,SE2 0AC
6354,SE2 0AC
6580,SE2 0AC
6581,SE2 0AC
6583,SE2 0AC
6584,SE2 0AC
6585,SE2 0AC
6586,SE2 0AC
6588,SE2 0AC
6589,SE2 0AC
6591,SE2 0AC
6594,SE2 0AC
6595,SE2 0AC
6597,SE2 0AC
6599,SE2 0AC
6600,SE2 0AC
6602,SE2 0AC
6603,SE2 0AC
6605,SE2 0AC
6606,SE2 0AC
6608,SE2 0AC
6610,SE2 0AC
6613,SE2 0AC
6630,SE2 0AC
6631,SE2 0AC
6633,SE2 0AC
6634,SE2 0AC
6636,SE2 0AC
6637,SE2 0AC
6639,SE2 0AC
6641,SE2 0AC
6642,SE2 0AC
6643,SE2 0AC
6644,SE2 0AC
6646,SE2 0AC
6794,SE2 0AC
6796,SE2 0AC
6800,SE2 0AC
6802,SE2 0AC
6803,SE2 0AC
6805,SE2 0AC
6806,SE2 0AC
6808,SE2 0AC
6809,SE2 0AC
6815,SE2 0AC
6820,SE2 0AC
6821,SE2 0AC
6828,SE2 0AC
6830,SE2 0AC
6832,SE2 0AC
6833,SE2 0AC
6837,SE2 0AC
6838,SE2 0AC
6839,SE2 0AC
6841,SE2 0AC
6843,SE2 0AC
6844,SE2 0AC
6845,SE2 0AC
6847,SE2 0AC
6848,SE2 0AC
6849,SE2 0AC
6851,SE2 0AC
6852,SE2 0AC
6853,SE2 0AC
6854,SE2 0AC
6907,SE2 0AC
6926,SE2 0AC
6929,SE2 0AC
6930,SE2 0AC
6931,SE2 0AC
6932,SE2 0AC
6933,SE2 0AC
6946,SE2 0AC
7000,SE2 0AC
7002,SE2 0AC
7003,SE2 0AC
7004,SE2 0AC
7005,SE2 0AC
7062,SE2 0AC
8619,SE2 0AC
8426,SE2 0AC
8323,SE2 0AC
8830,SE2 0AC
8861,SE2 0AC
8420,SE2 0AC
8750,SE2 0AC
8271,SE2 0AC
8284,SE2 0AC
8697,SE2 0AC
7799,SE2 0AC
8790,SE2 0AC
8643,SE2 0AC
8459,SE2 0AC
8245,SE2 0AC
8668,SE2 0AC
8712,SE2 0AC
8777,SE2 0AC
8402,SE2 0AC
8840,SE2 0AC
8751,SE2 0AC
8682,SE2 0AC
8256,SE2 0AC
8257,SE2 0AC
8746,SE2 0AC
8239,SE2 0AC
8535,SE2 0AC
8845,SE2 0AC
8812,SE2 0AC
8258,SE2 0AC
8570,SE2 0AC
8606,SE2 0AC
8693,SE2 0AC
8613,SE2 0AC
8804,SE2 0AC
3448,SI1 0AC
3453,SI1 0AC
3487,SI1 0AC
3489,SI1 0AC
3494,SI1 0AC
3505,SI1 0AC
3507,SI1 0AC
3511,SI1 0AC
7285,SI1 0AC
3273,SK1 0AC
3275,SK1 0AC
3276,SK1 0AC
3279,SK1 0AC
3283,SK1 0AC
3288,SK1 0AC
3289,SK1 0AC
3292,SK1 0AC
3293,SK1 0AC
3294,SK1 0AC
3324,SK1 0AC
3325,SK1 0AC
3341,SK1 0AC
4501,SK1 0AC
4503,SK1 0AC
4506,SK1 0AC
4536,SK1 0AC
4545,SK1 0AC
8341,SK1 0AC
7942,SK1 0AC
8615,SK1 0AC
8690,SK1 0AC
8856,SK1 0AC
8591,SK1 0AC
7941,SK1 0AC
8440,SK1 0AC
8415,SK1 0AC